nct_id,role,name
NCT05433584,Principal Investigator,Song Yu
NCT05433584,Principal Investigator,Kenneth R Boren
NCT05433584,Principal Investigator,Dan A Streja
NCT05433584,Principal Investigator,Stanley H. Hsia
NCT05433584,Principal Investigator,Jeffrey S Overcash
NCT05433584,Principal Investigator,Jeffrey D Wayne
NCT05433584,Principal Investigator,Juan Pablo Frias
NCT05433584,Principal Investigator,Rizwana H Mohseni
NCT05433584,Principal Investigator,Javier F Chang
NCT05433584,Principal Investigator,Robert Allen Jenders
NCT05433584,Principal Investigator,Airani Sathananthan
NCT05433584,Principal Investigator,Mark T. Leibowitz
NCT05433584,Principal Investigator,Subha T Clarke
NCT05433584,Principal Investigator,Seth J. Baum
NCT05433584,Principal Investigator,Jeffrey Bruce Rosen
NCT05433584,Principal Investigator,Juan Loy
NCT05433584,Principal Investigator,Rodolfo J Galindo
NCT05433584,Principal Investigator,Angela Dawn Ritter
NCT05433584,Principal Investigator,Anuj Bhargava
NCT05433584,Principal Investigator,David Earl Schultz
NCT05433584,Principal Investigator,Paul Anthony Kniery
NCT05433584,Principal Investigator,J Christopher Sartore
NCT05433584,Principal Investigator,Ehab Sorial
NCT05433584,Principal Investigator,Michael Livingston
NCT05433584,Principal Investigator,Timothy R Smith
NCT05433584,Principal Investigator,David Gregory True
NCT05433584,Principal Investigator,AJAY CHAUDHURI
NCT05433584,Principal Investigator,Kathryn Jean Lucas
NCT05433584,Principal Investigator,Brian Curtis
NCT05433584,Principal Investigator,Donna M Gavarone
NCT05433584,Principal Investigator,Paul A. Hartley
NCT05433584,Principal Investigator,Ronald Keith Mayfield
NCT05433584,Principal Investigator,Farhan Siddiqui
NCT05433584,Principal Investigator,Julio Rosenstock
NCT05433584,Principal Investigator,Federico C. Perez Manghi
NCT05433584,Principal Investigator,Natalia Cluigt
NCT05433584,Principal Investigator,Marisa Liliana Vico
NCT05433584,Principal Investigator,Sonia Griselda Hermida
NCT05433584,Principal Investigator,Diego Aizenberg
NCT05433584,Principal Investigator,Michael B. Jones
NCT05433584,Principal Investigator,John Charles O'Mahony
NCT05433584,Principal Investigator,Nima Mirtorabi
NCT05433584,Principal Investigator,Ronald Akhras
NCT05433584,Principal Investigator,Tomas Edelsberger
NCT05433584,Principal Investigator,Jakub Hron
NCT05433584,Principal Investigator,Frantisek Loos
NCT05433584,Principal Investigator,Emilia Malicherova
NCT05433584,Principal Investigator,Dagmar Bartaskova
NCT05433584,Principal Investigator,Bernhard Rudolf Winkelmann
NCT05433584,Principal Investigator,Babette Lorra
NCT05433584,Principal Investigator,Helga Zeller
NCT05433584,Principal Investigator,Alexander Segner
NCT05433584,Principal Investigator,Christine Kosch
NCT05433584,Principal Investigator,Thomas Schaum
NCT05433584,Principal Investigator,Simon Vidal
NCT05433584,Principal Investigator,Dietrich Tews
NCT05433584,Principal Investigator,orit twito
NCT05433584,Principal Investigator,Alon Grossman
NCT05433584,Principal Investigator,Taiba Zornitzki
NCT05433584,Principal Investigator,Elie Haddad
NCT05433584,Principal Investigator,Leonard Saiegh
NCT05433584,Principal Investigator,Ofri Mosenzon
NCT05433584,Principal Investigator,Amir Tirosh
NCT05433584,Principal Investigator,Muhammad Sabbah
NCT05433584,Principal Investigator,Raffaele Napoli
NCT05433584,Principal Investigator,Stefano Genovese
NCT05433584,Principal Investigator,CARLO BRUNO GIORDA
NCT05433584,Principal Investigator,Francesco Giorgino
NCT05433584,Principal Investigator,Giancarlo Tonolo
NCT05433584,Principal Investigator,Carla Giordano
NCT05433584,Principal Investigator,Stefano Del Prato
NCT05433584,Principal Investigator,Franco Arturi
NCT05433584,Principal Investigator,Maria del Rosario Del Rosario Arechavaleta Granell
NCT05433584,Principal Investigator,Jose Gerardo Gonzalez-Gonzalez
NCT05433584,Principal Investigator,Luis Alejandro Nevarez
NCT05433584,Principal Investigator,Loida Alejandra Gonzalez-Rodriguez
NCT05433584,Principal Investigator,Luis A Pagan-Cardona
NCT05433584,Principal Investigator,Gregorio A. Cortes-Maisonet
NCT05433584,Principal Investigator,Dana Cosma
NCT05433584,Principal Investigator,Valentina Neacsu
NCT05433584,Principal Investigator,Marlena Pascu
NCT05433584,Principal Investigator,Amalia Thury-Burileanu
NCT05433584,Principal Investigator,Alexandrina Popescu
NCT05433584,Principal Investigator,Cristina-Victoria Mistodie
NCT05433584,Principal Investigator,Adriana Filimon
NCT05433584,Principal Investigator,Jozef Strba
NCT05433584,Principal Investigator,Slavka Kalinova
NCT05433584,Principal Investigator,Vladimir Paulovic
NCT05433584,Principal Investigator,Jozef Lacka
NCT05433584,Principal Investigator,Radovan Plasil
NCT05433584,Principal Investigator,Sam Philip
NCT05433584,Principal Investigator,Rory McCrimmon
NCT05433584,Principal Investigator,Anthony Gunstone
NCT05433584,Principal Investigator,TIMOTHY HALL
NCT05433584,Principal Investigator,Thozhukat Sathyapalan
NCT05433584,Principal Investigator,Melanie Davies
NCT05433584,Principal Investigator,Matthew Capehorn
NCT05260021,Principal Investigator,Christy Anne Foster
NCT05260021,Principal Investigator,Lily C Chao
NCT05260021,Principal Investigator,Gnanagurudasan Prakasam
NCT05260021,Principal Investigator,Michael Everett Gottschalk
NCT05260021,Principal Investigator,jay h shubrook
NCT05260021,Principal Investigator,Philip Zeitler
NCT05260021,Principal Investigator,Ania M. Jastreboff
NCT05260021,Principal Investigator,Chijioke Ikomi
NCT05260021,Principal Investigator,David Earl Schultz
NCT05260021,Principal Investigator,Tamara Hannon
NCT05260021,Principal Investigator,Ahmed Arif
NCT05260021,Principal Investigator,Jennifer Jennifer Sprague
NCT05260021,Principal Investigator,Vivian Chin
NCT05260021,Principal Investigator,David Hansen
NCT05260021,Principal Investigator,Steven M. Willi
NCT05260021,Principal Investigator,Michelle Welch
NCT05260021,Principal Investigator,Ann Maguire
NCT05260021,Principal Investigator,Tony Huynh
NCT05260021,Principal Investigator,Jacqueline Anne Curran
NCT05260021,Principal Investigator,queulla garret santos
NCT05260021,Principal Investigator,LUCIANA muniz PECHMANN
NCT05260021,Principal Investigator,Hugo Roberto Kurtz Lisboa
NCT05260021,Principal Investigator,Balduino Tschiedel
NCT05260021,Principal Investigator,Sylka Rodovalho
NCT05260021,Principal Investigator,Mila Pontes Ramos Cunha
NCT05260021,Principal Investigator,Joao Eduardo Nunes Salles
NCT05260021,Principal Investigator,Louise Cominato
NCT05260021,Principal Investigator,Luiza Siffert
NCT05260021,Principal Investigator,Francisco Samuel Magalh√£es Lima
NCT05260021,Principal Investigator,Breno Balabem Alves
NCT05260021,Principal Investigator,Jessica Amsellem-Jager
NCT05260021,Principal Investigator,Elise Bismuth
NCT05260021,Principal Investigator,Rajesh Khadgawat
NCT05260021,Principal Investigator,parag Rajnikant Shah
NCT05260021,Principal Investigator,Dr Chitra Selvan
NCT05260021,Principal Investigator,Ameya Sudhakar Joshi
NCT05260021,Principal Investigator,Balamurugan Ramanathan
NCT05260021,Principal Investigator,Soham Mukerjee
NCT05260021,Principal Investigator,Alon Haim
NCT05260021,Principal Investigator,Marianna Rachmiel
NCT05260021,Principal Investigator,Orit Pinhas-Hamiel
NCT05260021,Principal Investigator,Naim Shehadeh
NCT05260021,Principal Investigator,Floris Levy-Khademi
NCT05260021,Principal Investigator,Angela Zanfardino
NCT05260021,Principal Investigator,Claudio Maffeis
NCT05260021,Principal Investigator,Valentino Cherubini
NCT05260021,Principal Investigator,Ramiro Guadalupe Banda Elizondo
NCT05260021,Principal Investigator,Ricardo Salas
NCT05260021,Principal Investigator,Luis Alejandro Nevarez
NCT05260021,Principal Investigator,Margarita Barrientos
NCT05260021,Principal Investigator,Maria del Carmen Ramon Ramirez
NCT05260021,Principal Investigator,Anbezhil Subbarayan
NCT05260021,Principal Investigator,Verghese Verghese Mathew
NCT05260021,Principal Investigator,Anbezhil Subbarayan
